Workbook

Sheet 工作表1
A1: 棧板數 | B1: 名稱1 | C1: 名稱2 | D1: 名稱3 | E1: 名稱4
A2: =工作表2!R2 -> PTL 01 | B2: =工作表2!A2&工作表2!B2&工作表2!$Q$1&工作表2!C2&工作表2!$Q$1&工作表2!D2 | C2: =工作表2!E2&工作表2!F2&工作表2!$Q$1&工作表2!G2&工作表2!$Q$1&工作表2!H2 | D2: =工作表2!I2&工作表2!J2&工作表2!$Q$1&工作表2!K2&工作表2!$Q$1&工作表2!L2 | E2: =工作表2!M2&工作表2!N2&工作表2!$Q$1&工作表2!O2&工作表2!$Q$1&工作表2!P2
A3: =工作表2!R3 -> PTL 02 | B3: =工作表2!A3&工作表2!B3&工作表2!$Q$1&工作表2!C3&工作表2!$Q$1&工作表2!D3 | C3: =工作表2!E3&工作表2!F3&工作表2!$Q$1&工作表2!G3&工作表2!$Q$1&工作表2!H3 | D3: =工作表2!I3&工作表2!J3&工作表2!$Q$1&工作表2!K3&工作表2!$Q$1&工作表2!L3 | E3: =工作表2!M3&工作表2!N3&工作表2!$Q$1&工作表2!O3&工作表2!$Q$1&工作表2!P3
A4: =工作表2!R4 -> PTL 03 | B4: =工作表2!A4&工作表2!B4&工作表2!$Q$1&工作表2!C4&工作表2!$Q$1&工作表2!D4 | C4: =工作表2!E4&工作表2!F4&工作表2!$Q$1&工作表2!G4&工作表2!$Q$1&工作表2!H4 | D4: =工作表2!I4&工作表2!J4&工作表2!$Q$1&工作表2!K4&工作表2!$Q$1&工作表2!L4 | E4: =工作表2!M4&工作表2!N4&工作表2!$Q$1&工作表2!O4&工作表2!$Q$1&工作表2!P4
A5: =工作表2!R5 -> PTL 04 | B5: =工作表2!A5&工作表2!B5&工作表2!$Q$1&工作表2!C5&工作表2!$Q$1&工作表2!D5 | C5: =工作表2!E5&工作表2!F5&工作表2!$Q$1&工作表2!G5&工作表2!$Q$1&工作表2!H5 | D5: =工作表2!I5&工作表2!J5&工作表2!$Q$1&工作表2!K5&工作表2!$Q$1&工作表2!L5 | E5: =工作表2!M5&工作表2!N5&工作表2!$Q$1&工作表2!O5&工作表2!$Q$1&工作表2!P5
A6: =工作表2!R6 -> PTL 05 | B6: =工作表2!A6&工作表2!B6&工作表2!$Q$1&工作表2!C6&工作表2!$Q$1&工作表2!D6 | C6: =工作表2!E6&工作表2!F6&工作表2!$Q$1&工作表2!G6&工作表2!$Q$1&工作表2!H6 | D6: =工作表2!I6&工作表2!J6&工作表2!$Q$1&工作表2!K6&工作表2!$Q$1&工作表2!L6 | E6: =工作表2!M6&工作表2!N6&工作表2!$Q$1&工作表2!O6&工作表2!$Q$1&工作表2!P6
A7: =工作表2!R7 -> PTL 06 | B7: =工作表2!A7&工作表2!B7&工作表2!$Q$1&工作表2!C7&工作表2!$Q$1&工作表2!D7 | C7: =工作表2!E7&工作表2!F7&工作表2!$Q$1&工作表2!G7&工作表2!$Q$1&工作表2!H7 | D7: =工作表2!I7&工作表2!J7&工作表2!$Q$1&工作表2!K7&工作表2!$Q$1&工作表2!L7 | E7: =工作表2!M7&工作表2!N7&工作表2!$Q$1&工作表2!O7&工作表2!$Q$1&工作表2!P7
A8: =工作表2!R8 -> PTL 07 | B8: =工作表2!A8&工作表2!B8&工作表2!$Q$1&工作表2!C8&工作表2!$Q$1&工作表2!D8 | C8: =工作表2!E8&工作表2!F8&工作表2!$Q$1&工作表2!G8&工作表2!$Q$1&工作表2!H8 | D8: =工作表2!I8&工作表2!J8&工作表2!$Q$1&工作表2!K8&工作表2!$Q$1&工作表2!L8 | E8: =工作表2!M8&工作表2!N8&工作表2!$Q$1&工作表2!O8&工作表2!$Q$1&工作表2!P8
A9: =工作表2!R9 -> PTL 08 | B9: =工作表2!A9&工作表2!B9&工作表2!$Q$1&工作表2!C9&工作表2!$Q$1&工作表2!D9 | C9: =工作表2!E9&工作表2!F9&工作表2!$Q$1&工作表2!G9&工作表2!$Q$1&工作表2!H9 | D9: =工作表2!I9&工作表2!J9&工作表2!$Q$1&工作表2!K9&工作表2!$Q$1&工作表2!L9 | E9: =工作表2!M9&工作表2!N9&工作表2!$Q$1&工作表2!O9&工作表2!$Q$1&工作表2!P9
A10: =工作表2!R10 -> PTL 09 | B10: =工作表2!A10&工作表2!B10&工作表2!$Q$1&工作表2!C10&工作表2!$Q$1&工作表2!D10 | C10: =工作表2!E10&工作表2!F10&工作表2!$Q$1&工作表2!G10&工作表2!$Q$1&工作表2!H10 | D10: =工作表2!I10&工作表2!J10&工作表2!$Q$1&工作表2!K10&工作表2!$Q$1&工作表2!L10 | E10: =工作表2!M10&工作表2!N10&工作表2!$Q$1&工作表2!O10&工作表2!$Q$1&工作表2!P10
A11: =工作表2!R11 -> PTL 10 | B11: =工作表2!A11&工作表2!B11&工作表2!$Q$1&工作表2!C11&工作表2!$Q$1&工作表2!D11 | C11: =工作表2!E11&工作表2!F11&工作表2!$Q$1&工作表2!G11&工作表2!$Q$1&工作表2!H11 | D11: =工作表2!I11&工作表2!J11&工作表2!$Q$1&工作表2!K11&工作表2!$Q$1&工作表2!L11 | E11: =工作表2!M11&工作表2!N11&工作表2!$Q$1&工作表2!O11&工作表2!$Q$1&工作表2!P11
A12: =工作表2!R12 -> PTL 11 | B12: =工作表2!A12&工作表2!B12&工作表2!$Q$1&工作表2!C12&工作表2!$Q$1&工作表2!D12 | C12: =工作表2!E12&工作表2!F12&工作表2!$Q$1&工作表2!G12&工作表2!$Q$1&工作表2!H12 | D12: =工作表2!I12&工作表2!J12&工作表2!$Q$1&工作表2!K12&工作表2!$Q$1&工作表2!L12 | E12: =工作表2!M12&工作表2!N12&工作表2!$Q$1&工作表2!O12&工作表2!$Q$1&工作表2!P12
A13: =工作表2!R13 -> PTL 12 | B13: =工作表2!A13&工作表2!B13&工作表2!$Q$1&工作表2!C13&工作表2!$Q$1&工作表2!D13 | C13: =工作表2!E13&工作表2!F13&工作表2!$Q$1&工作表2!G13&工作表2!$Q$1&工作表2!H13 | D13: =工作表2!I13&工作表2!J13&工作表2!$Q$1&工作表2!K13&工作表2!$Q$1&工作表2!L13 | E13: =工作表2!M13&工作表2!N13&工作表2!$Q$1&工作表2!O13&工作表2!$Q$1&工作表2!P13
... A21: =工作表2!R21 -> PTL 20 | B21: =工作表2!A21&工作表2!B21&工作表2!$Q$1&工作表2!C21&工作表2!$Q$1&工作表2!D21 | C21: =工作表2!E21&工作表2!F21&工作表2!$Q$1&工作表2!G21&工作表2!$Q$1&工作表2!H21 | D21: =工作表2!I21&工作表2!J21&工作表2!$Q$1&工作表2!K21&工作表2!$Q$1&工作表2!L21 | E21: =工作表2!M21&工作表2!N21&工作表2!$Q$1&工作表2!O21&工作表2!$Q$1&工作表2!P21

Sheet 工作表2
A1: 品號 | B1: 批號 | C1: 數量 | D1: 包材 | E1: 品號 | F1: 批號 | G1: 數量 | H1: 包材 | I1: 品號 | J1: 批號 | K1: 數量 | L1: 包材 | M1: 品號 | N1: 批號 | O1: 數量 | P1: 包材 | R1: ←空白
Q2: =C2+G2+K2+O2 -> 0 | R2: PTL 01
Q3: =C3+G3+K3+O3 -> 0 | R3: PTL 02
Q4: =C4+G4+K4+O4 -> 0 | R4: PTL 03
Q5: =C5+G5+K5+O5 -> 0 | R5: PTL 04
Q6: =C6+G6+K6+O6 -> 0 | R6: PTL 05
Q7: =C7+G7+K7+O7 -> 0 | R7: PTL 06
Q8: =C8+G8+K8+O8 -> 0 | R8: PTL 07
Q9: =C9+G9+K9+O9 -> 0 | R9: PTL 08
Q10: =C10+G10+K10+O10 -> 0 | R10: PTL 09
Q11: =C11+G11+K11+O11 -> 0 | R11: PTL 10
Q12: =C12+G12+K12+O12 -> 0 | R12: PTL 11
Q13: =C13+G13+K13+O13 -> 0 | R13: PTL 12
... Q21: =C21+G21+K21+O21 -> 0 | R21: PTL 20
Q22: =SUM(Q2:Q21) -> 0
